<SliderWidget xmlns="runtime-namespace:Game" SoundName="Audio/UI/ButtonClick">
  <StackPanelWidget Name="Slider.Panel" Direction="Horizontal" IsHitTestVisible="false">
    <CanvasWidget Name="Slider.Canvas" Size="Infinity, Infinity">
      <RectangleWidget Name="Slider.Rectangle" Size="Infinity, 6" OutlineColor="0, 0, 0, 0" FillColor="24, 112, 0" VerticalAlignment="Center" HorizontalAlignment="Center" Margin="10, 0" />
      <BevelledRectangleWidget Name="Slider.Tab" Size="30, 45" IsHitTestVisible="true" BevelSize="2" />
    </CanvasWidget>
    <CanvasWidget Name="Slider.LabelCanvas" Size="100, Infinity">
      <LabelWidget Name="Slider.Label" Text="[SliderContents:1]"  VerticalAlignment="Center" HorizontalAlignment="Center" />
    </CanvasWidget>
  </StackPanelWidget>
</SliderWidget>
