<TreeNode xmlns="runtime-namespace:Game">
	<RectangleWidget xmlns="runtime-namespace:Game" OutlineColor="0, 0, 0, 0" Name="TreeViewNodeContentItem.SelectedHighLight"/>
	<StackPanelWidget xmlns="runtime-namespace:Game" Direction="Horizontal" VerticalAlignment="Center" Margin="0, 0">
		<RectangleWidget Name="TreeViewNodeContentItem.ExpandIcon" OutlineColor="0, 0, 0, 0" Size="24, 24" VerticalAlignment="Center" HorizontalAlignment="Center"/>
		<RectangleWidget Name="TreeViewNodeContentItem.Icon" FillColor="255, 255, 255" OutlineColor="0, 0, 0, 0" Size="64, 64" VerticalAlignment="Center" HorizontalAlignment="Center"/>
		<StackPanelWidget xmlns="runtime-namespace:Game" Direction="Vertical" Margin="0, 0">
			<LabelWidget Name="TreeViewNodeContentItem.Text" Text="" Color="255, 255, 255" VerticalAlignment="Center" Margin="10, 0"/>
			<StackPanelWidget xmlns="runtime-namespace:Game" Direction="Horizontal" Margin="5, 0">
				<LabelWidget Name="TreeViewNodeContentItem.Details" Text="" Color="128, 128, 128" VerticalAlignment="Center" Margin="5, 0"/>
				<StarRatingWidget Name="TreeViewNodeContentItem.Rating" IsEnabled="false" IsVisible="false" StarSize="24" VerticalAlignment="Center" Margin="5, 0"/>
				<LabelWidget Name="TreeViewNodeContentItem.ExtraText" Text="" Color="128, 128, 128" VerticalAlignment="Center" Margin="5, 0"/>
			</StackPanelWidget>
		</StackPanelWidget>
	</StackPanelWidget>
</TreeNode>