<Screen xmlns="runtime-namespace:Game">

  <PanoramaWidget />

  <StackPanelWidget Direction="Horizontal">

    <CanvasWidget Style="{Widgets/TopBarContents}" >
      <LabelWidget Name="TopBar.Label" Text="[CommunityContentScreen:1]" />
    </CanvasWidget>

    <StackPanelWidget Direction="Vertical" VerticalAlignment="Center">

      <CanvasWidget Size="0, 8" />

      <UniformSpacingPanelWidget Direction="Horizontal" Margin="10, 0">
        <StackPanelWidget HorizontalAlignment="Near">
          <LabelWidget Name="Order" Text="[CommunityContentScreen:2]"  VerticalAlignment="Center" ClampToBounds="true"/>
          <CanvasWidget Size="10, 0"/>
          <BevelledButtonWidget Name="ChangeOrder" Text="[CommunityContentScreen:3]" Style="{Styles/ButtonStyle_70x60}" VerticalAlignment="Center"/>
        </StackPanelWidget>
        <StackPanelWidget Direction="Horizontal" HorizontalAlignment="Center" Margin="-40,0">
          <BevelledButtonWidget Name="SearchType" Text="[CommunityContentScreen:10]" Size="100,60" VerticalAlignment="Far"/>
          <CanvasWidget Size="240, 60">
            <BevelledRectangleWidget Style="{Styles/TextBoxArea}" />
            <LabelWidget VerticalAlignment="Center" Name="placeholder" Text="[CommunityContentScreen:9]"  Margin="10,0"/>
            <TextBoxWidget Size="240, 60" Name="key" VerticalAlignment="Center" Margin="10,0"/>
          </CanvasWidget>
          <BevelledButtonWidget Name="Search" Text="[CommunityContentScreen:10]" Style="{Styles/ButtonStyle_70x60}" VerticalAlignment="Far"/>
        </StackPanelWidget>
        <StackPanelWidget HorizontalAlignment="Far">
          <LabelWidget Name="Filter" Text="[CommunityContentScreen:4]"  VerticalAlignment="Center"/>
          <CanvasWidget Size="10, 0"/>
          <BevelledButtonWidget Name="ChangeFilter" Text="[CommunityContentScreen:5]" Style="{Styles/ButtonStyle_70x60}" VerticalAlignment="Center"/>
        </StackPanelWidget>
      </UniformSpacingPanelWidget>

      <CanvasWidget Size="0, 8" />

      <CanvasWidget Margin="10, 0">
        <BevelledRectangleWidget Style="{Styles/Area}" />
        <TreeViewWidget Name="Tree" Direction="Vertical"  Margin="3, 3" />
      </CanvasWidget>

      <CanvasWidget Size="0, 8" />

      <StackPanelWidget Direction="Horizontal" Margin="5, 0">
        <BevelledButtonWidget Name="Download" Size="230,60" Text="[CommunityContentScreen:6]"/>
        <CanvasWidget Size="Infinity, 0"/>
        <BevelledButtonWidget Name="Action" Style="{Styles/ButtonStyle_160x60}" Text="[CommunityContentScreen:11]"/>
        <CanvasWidget Size="10, 0"/>
        <BevelledButtonWidget Name="Action2" Style="{Styles/ButtonStyle_160x60}" Text="[CommunityContentScreen:7]"/>
        <CanvasWidget Size="10, 0"/>
        <BevelledButtonWidget Name="Action3" Style="{Styles/ButtonStyle_160x60}" Text="[CommunityContentScreen:11]"/>
        <CanvasWidget Size="10, 0"/>
        <BevelledButtonWidget Name="MoreOptions" Style="{Styles/ButtonStyle_70x60}" Text="[CommunityContentScreen:8]"/>
      </StackPanelWidget>

      <CanvasWidget Size="0, 8" />

    </StackPanelWidget>
    
  </StackPanelWidget>

</Screen>