<Screen xmlns="runtime-namespace:Game">

  <PanoramaWidget />

  <StackPanelWidget Direction="Horizontal">

    <CanvasWidget Style="{Widgets/TopBarContents}" >
      <LabelWidget Name="TopBar.Label" Text="[CommunityContentScreen:1]" />
    </CanvasWidget>

    <StackPanelWidget Direction="Vertical" VerticalAlignment="Center">

      <CanvasWidget Size="0, 8" />

      <UniformSpacingPanelWidget Direction="Horizontal" Margin="10, 0">
        <StackPanelWidget Direction="Horizontal" HorizontalAlignment="Center" Margin="-30,0">
          <CanvasWidget Size="20, 0"/>
          <BevelledButtonWidget Name="SearchType" Text="[CommunityContentScreen:10]" Size="100,60" VerticalAlignment="Far"/>
          <CanvasWidget Size="300, 60">
            <BevelledRectangleWidget Style="{Styles/TextBoxArea}" />
            <LabelWidget VerticalAlignment="Center" Name="placeholder" Text=""  Margin="10,0"/>
            <TextBoxWidget Size="300, 60" Name="SearchKey" VerticalAlignment="Center" Margin="10,0"/>
          </CanvasWidget>
          <BevelledButtonWidget Name="Search" Text="[CommunityContentScreen:10]" Style="{Styles/ButtonStyle_70x60}" VerticalAlignment="Far"/>
        </StackPanelWidget>
        <StackPanelWidget HorizontalAlignment="Far">
          <LabelWidget Name="Filter" Text="[CommunityContentScreen:4]"  VerticalAlignment="Center"/>
          <CanvasWidget Size="10, 0"/>
          <BevelledButtonWidget Name="ChangeFilter" Text="[CommunityContentScreen:5]" Style="{Styles/ButtonStyle_70x60}" VerticalAlignment="Center"/>
        </StackPanelWidget>
      </UniformSpacingPanelWidget>

      <CanvasWidget Size="0, 8" />

      <CanvasWidget Margin="10, 0">
        <RectangleWidget FillColor="0, 0, 0, 192" OutlineColor="128, 128, 128, 128" />
        <ListPanelWidget Name="ContentList" Direction="Vertical" Margin="3, 3" ItemSize="70" SelectionColor="10, 70, 0, 90"/>
      </CanvasWidget>

      <CanvasWidget Size="0, 8" />

      <StackPanelWidget Direction="Horizontal" Margin="5, 0">
        <CanvasWidget Size="10, 0"/>
        <BevelledButtonWidget Name="Reset" Size="230, 60" Text="重置密码"/>
        <CanvasWidget Size="10, 0"/>
        <BevelledButtonWidget Name="Lock" Size="230, 60" Text="锁定"/>
        <CanvasWidget Size="Infinity, 0"/>
        <BevelledButtonWidget Name="Order" Style="{Styles/ButtonStyle_160x60}" Text="更改排序" HorizontalAlignment="Far"/>
      </StackPanelWidget>

      <CanvasWidget Size="0, 8" />

    </StackPanelWidget>

  </StackPanelWidget>

</Screen>