<Screen xmlns="runtime-namespace:Game">

  <PanoramaWidget />

  <StackPanelWidget Direction="Horizontal">

    <CanvasWidget Style="{Widgets/TopBarContents}" >
      <LabelWidget Name="TopBar.Label" Text="[SettingsCompatibilityScreen:1]" />
    </CanvasWidget>

    <StackPanelWidget Direction="Vertical" Margin="10, 0">

      <CanvasWidget Size="0, 20" />

      <LabelWidget  Color="255, 255, 255" HorizontalAlignment="Center" TextAnchor="HorizontalCenter" WordWrap="true" Text="[SettingsCompatibilityScreen:2]" />

      <CanvasWidget Size="0, 20" />

      <CanvasWidget>
        <BevelledRectangleWidget Style="{Styles/Area}" />
        <ScrollPanelWidget Direction="Vertical" HorizontalAlignment="Center" VerticalAlignment="Center" Margin="3, 3">
          <StackPanelWidget Direction="Vertical" HorizontalAlignment="Center" VerticalAlignment="Center">

            <UniformSpacingPanelWidget Direction="Horizontal">
              <LabelWidget Text="[SettingsCompatibilityScreen:6]"  HorizontalAlignment="Far" VerticalAlignment="Center" Margin="20, 0" />
              <BevelledButtonWidget Name="ViewGameLogButton" Style="{Styles/ButtonStyle_310x60}" VerticalAlignment="Center" Margin="20, 0" Text="[SettingsCompatibilityScreen:7]"/>
            </UniformSpacingPanelWidget>

            <UniformSpacingPanelWidget Direction="Horizontal">
              <LabelWidget HorizontalAlignment="Far" VerticalAlignment="Center" Margin="20, 0" />
              <BevelledButtonWidget Name="ReportButton" Style="{Styles/ButtonStyle_310x60}" VerticalAlignment="Center" Margin="20, 0" Text="[SettingsCompatibilityScreen:10]"/>
            </UniformSpacingPanelWidget>

            <UniformSpacingPanelWidget Direction="Horizontal">
			  <LabelWidget Text="[SettingsCompatibilityScreen:8]"  HorizontalAlignment="Far" VerticalAlignment="Center" Margin="20, 0" />
              <BevelledButtonWidget Name="ResetDefaultsButton" Style="{Styles/ButtonStyle_310x60}" VerticalAlignment="Center" Margin="20, 0" Text="[SettingsCompatibilityScreen:9]"/>
            </UniformSpacingPanelWidget>

			</StackPanelWidget>
        </ScrollPanelWidget>
      </CanvasWidget>

      <CanvasWidget Size="0, 10"/>

      <CanvasWidget Size="Infinity, 80" HorizontalAlignment="Center" VerticalAlignment="Center">
        <LabelWidget Name="Description" HorizontalAlignment="Center" VerticalAlignment="Center" TextAnchor="HorizontalCenter, VerticalCenter"  Color="128, 128, 128" WordWrap="true" />
      </CanvasWidget>

      <CanvasWidget Size="0, 10"/>

    </StackPanelWidget>
  </StackPanelWidget>

</Screen>